<?xml version="1.0" encoding="UTF-8"?>
<jboss-deployment-structure>
	<deployment>
		<dependencies>
			<module name="org.vhorvath.valogato.config" />
			<module name="org.vhorvath.valogato.cache.hazelcast.client" />
			<module name="org.vhorvath.valogato.logging" />
			<module name="org.vhorvath.valogato.cache.memcached-java-client.client" />
			<module name="net.sf.ehcache" />			
			<module name="com.google.gson" />
			<module name="com.google.guava" />
			<module name="com.oracle.coherence"/>
			<system export="true">
                <paths>
                    <path name="sun/rmi/server"/>
                </paths>
            </system>
		</dependencies>

		<exclusions>
            <module name="org.apache.commons.logging" />
			<module name="org.apache.log4j" />
            
            <module name="org.jboss.logging" />
            <module name="org.jboss.logging.jul-to-slf4j-stub" />
            <module name="org.jboss.logmanager" />
            <module name="org.jboss.logmanager.log4j" />

            <module name="org.slf4j" />
            <module name="org.slf4j.impl" />
        </exclusions>
	</deployment>
</jboss-deployment-structure>